Designator,Footprint,Quantity,Value,LCSC Part #
"C1, C10, C11, C2, C3, C4, C5, C6, C7, C8, C9",0805,11,100nf,C28233
"C12, C13, C16, C17",0805,4,1uf,C28323
"C14, C15",0805,2,22pf,C1804
"D1, D10, D11, D12, D13, D14, D15, D16, D17, D18, D19, D2, D20, D21, D22, D23, D24, D25, D26, D27, D28, D29, D3, D30, D31, D32, D33, D34, D35, D36, D37, D38, D39, D4, D40, D41, D42, D43, D44, D45, D46, D47, D48, D49, D5, D50, D51, D52, D53, D54, D55, D56, D57, D58, D59, D6, D60, D61, D62, D63, D64, D65, D66, D67, D7, D8, D9",D_SOD-323,67,D,C2128
J1,JST_SH_SM04B-SRSS-TB_1x04-1MP_P1.00mm_Horizontal,1,UD,C160404
J2,JST_SH_SM04B-SRSS-TB_1x04-1MP_P1.00mm_Horizontal,1,OLED,C160404
J3,JST_SH_SM04B-SRSS-TB_1x04-1MP_P1.00mm_Horizontal,1,LEDs,C160404
J4,JST_SH_SM03B-SRSS-TB_1x03-1MP_P1.00mm_Horizontal,1,Switch,C160403
"LED1, LED10, LED11, LED12, LED13, LED14, LED15, LED16, LED17, LED18, LED19, LED2, LED20, LED21, LED22, LED23, LED24, LED25, LED26, LED27, LED28, LED29, LED3, LED30, LED31, LED32, LED33, LED34, LED35, LED36, LED37, LED38, LED39, LED4, LED40, LED41, LED42, LED43, LED44, LED45, LED46, LED47, LED48, LED49, LED5, LED50, LED51, LED52, LED53, LED54, LED55, LED56, LED57, LED58, LED59, LED6, LED60, LED61, LED62, LED63, LED64, LED65, LED66, LED67, LED7, LED8, LED9",LED_6028R,67,SK6812MINI-E,C5149201
"R1, R4, R5",0805,3,10k,C17414
"R2, R3",0805,2,27,C17594
R6,0805,1,1k,C17513
SW1,SW_MX_HS_CPG151101S11_1u,1,ESC,C41430893
SW10,SW_MX_HS_CPG151101S11_1u,1,9,C41430893
SW11,SW_MX_HS_CPG151101S11_1u,1,0,C41430893
SW12,SW_MX_HS_CPG151101S11_1u,1,-,C41430893
SW13,SW_MX_HS_CPG151101S11_1u,1,=,C41430893
SW14,SW_MX_HS_CPG151101S11_1u,1,BACK,C41430893
SW15,ROT_Alps_EC11E-Switch,1,ROTARY,
SW16,SW_MX_HS_CPG151101S11_1u,1,TAB,C41430893
SW17,SW_MX_HS_CPG151101S11_1u,1,Q,C41430893
SW18,SW_MX_HS_CPG151101S11_1u,1,W,C41430893
SW19,SW_MX_HS_CPG151101S11_1u,1,E,C41430893
SW2,SW_MX_HS_CPG151101S11_1u,1,1,C41430893
SW20,SW_MX_HS_CPG151101S11_1u,1,R,C41430893
SW21,SW_MX_HS_CPG151101S11_1u,1,T,C41430893
SW22,SW_MX_HS_CPG151101S11_1u,1,Y,C41430893
SW23,SW_MX_HS_CPG151101S11_1u,1,U,C41430893
SW24,SW_MX_HS_CPG151101S11_1u,1,I,C41430893
SW25,SW_MX_HS_CPG151101S11_1u,1,O,C41430893
SW26,SW_MX_HS_CPG151101S11_1u,1,P,C41430893
SW27,SW_MX_HS_CPG151101S11_1u,1,[,C41430893
SW28,SW_MX_HS_CPG151101S11_1u,1,],C41430893
SW29,SW_MX_HS_CPG151101S11_1u,1,\,C41430893
SW3,SW_MX_HS_CPG151101S11_1u,1,2,C41430893
SW30,SW_MX_HS_CPG151101S11_1u,1,PgUp,C41430893
SW31,SW_MX_HS_CPG151101S11_1u,1,CAPS,C41430893
SW32,SW_MX_HS_CPG151101S11_1u,1,A,C41430893
SW33,SW_MX_HS_CPG151101S11_1u,1,S,C41430893
SW34,SW_MX_HS_CPG151101S11_1u,1,D,C41430893
SW35,SW_MX_HS_CPG151101S11_1u,1,F,C41430893
SW36,SW_MX_HS_CPG151101S11_1u,1,G,C41430893
SW37,SW_MX_HS_CPG151101S11_1u,1,H,C41430893
SW38,SW_MX_HS_CPG151101S11_1u,1,J,C41430893
SW39,SW_MX_HS_CPG151101S11_1u,1,K,C41430893
SW4,SW_MX_HS_CPG151101S11_1u,1,3,C41430893
SW40,SW_MX_HS_CPG151101S11_1u,1,L,C41430893
SW41,SW_MX_HS_CPG151101S11_1u,1,;,C41430893
SW42,SW_MX_HS_CPG151101S11_1u,1,',C41430893
SW43,SW_MX_HS_CPG151101S11_1u,1,ENTER,C41430893
SW44,SW_MX_HS_CPG151101S11_1u,1,PgDn,C41430893
SW45,SW_MX_HS_CPG151101S11_1u,1,LSHIFT,C41430893
SW46,SW_MX_HS_CPG151101S11_1u,1,Z,C41430893
SW47,SW_MX_HS_CPG151101S11_1u,1,X,C41430893
SW48,SW_MX_HS_CPG151101S11_1u,1,C,C41430893
SW49,SW_MX_HS_CPG151101S11_1u,1,V,C41430893
SW5,SW_MX_HS_CPG151101S11_1u,1,4,C41430893
SW50,SW_MX_HS_CPG151101S11_1u,1,B,C41430893
SW51,SW_MX_HS_CPG151101S11_1u,1,N,C41430893
SW52,SW_MX_HS_CPG151101S11_1u,1,M,C41430893
SW53,SW_MX_HS_CPG151101S11_1u,1,",",C41430893
SW54,SW_MX_HS_CPG151101S11_1u,1,.,C41430893
SW55,SW_MX_HS_CPG151101S11_1u,1,/,C41430893
SW56,SW_MX_HS_CPG151101S11_1u,1,RSHIFT,C41430893
SW57,SW_MX_HS_CPG151101S11_1u,1,UP,C41430893
SW58,SW_MX_HS_CPG151101S11_1u,1,HOME,C41430893
SW59,SW_MX_HS_CPG151101S11_1u,1,CTRL,C41430893
SW6,SW_MX_HS_CPG151101S11_1u,1,5,C41430893
SW60,SW_MX_HS_CPG151101S11_1u,1,SUPER,C41430893
SW61,SW_MX_HS_CPG151101S11_1u,1,ALT,C41430893
SW62,SW_MX_HS_CPG151101S11_1u,1,SPACE,C41430893
SW63,SW_MX_HS_CPG151101S11_1u,1,FN2,C41430893
SW64,SW_MX_HS_CPG151101S11_1u,1,FN1,C41430893
SW65,SW_MX_HS_CPG151101S11_1u,1,LEFT,C41430893
SW66,SW_MX_HS_CPG151101S11_1u,1,DOWN,C41430893
SW67,SW_MX_HS_CPG151101S11_1u,1,RIGHT,C41430893
SW68,SW_SPST_TL3342,1,RESET,C2886898
SW69,SW_SPST_TL3342,1,BOOT,C2886898
SW7,SW_MX_HS_CPG151101S11_1u,1,6,C41430893
SW8,SW_MX_HS_CPG151101S11_1u,1,7,C41430893
SW9,SW_MX_HS_CPG151101S11_1u,1,8,C41430893
U1,WSON-8-1EP_8x6mm_P1.27mm_EP3.4x4.3mm,1,Flash,C2927043
U2,SOT-23-5,1,V Reg,C3021084
U3,QFN-56-1EP_7x7mm_P0.4mm_EP3.2x3.2mm,1,RP2040,C2040
Y1,Crystal_SMD_3225-4Pin_3.2x2.5mm,1,Crystal,C93234
